{"train loss": 0.12223078310489655, "step": 916, "epoch": 1, "_timestamp": 1684304465.8873644, "_runtime": 1442.954458475113, "_step": 915}